Workbook

Sheet Deliverables and tasks
B2: Deliverables
B4: Tail Design Table | C4: Summary of all geometric parameters (....) and volume coefficients ().
B5: The Scissor Plot | C5: A plot clearly labeled with stability and control limits.
B6: Trim Plots | C6: Graphs showing a_trim, delta_e_trim and CL_trim
B7: The Trimmed Polar | C7: A comparison of CD vs. CL for trimmed and clean configurations.
B8: Discussion | C8: Using XFLR5, OpenVSP or AVL analyze if your current tail sizing (horizontal and vertical) provides a sufficient CG range and directional stability for your aircraft's mission profile.
B11: Tasks

Sheet Sizing - Baseline
B2: Horizontal tail | G2: Vertical tail | L2: Sizing reference
B4: Variable needed | C4: shorthand | D4: value | E4: Eq source | G4: Variable needed | H4: shorthand | I4: value | J4: Eq source
B5: Tail planform area | D5: 120 | E5: Raymer 6.29 | G5: Tail planform area | I5: 155 | J5: Raymer 6.28
B6: Tail arm | D6: 20 | G6: Tail arm | I6: 15
B7: Span | G7: Span/height
B8: Mean aerodynamic chord | G8: Root chord length
B9: Airfoil choice | G9: Tip chord length
B10: Aspect ratio | C10: ARt | G10: Airfoil choice
B11: Sweep angle (deg) | G11: Aspect ratio | H11: ARv
G12: Sweep angle (deg)
B13: Horizontal tail volumn coef | D13: =(D5*D6)/(D31*D32) -> 0.4173913 | G13: Efficiency factor
L16: Tail volume coefficient from Raymer, p. 160(pdf 190)
G17: Vertical tail volumne coef | I17: =(I5*I6)/(D32*D33) -> 0.10402685
B28: Main wing
B30: Variable needed | C30: shorthand | D30: value
B31: Mean chord | D31: 11.5
B32: Wing planform area | D32: 500
B33: Wing span | D33: 44.7
B34: Aspect ratio
B35: Sweep angle (deg)
B40: Formatted Tables
B42: Horizontail Tail For
L45: Notes regarding specific stabilizers from Raymer, p. 160(pdf 190)

Sheet Sizing - Blend
B2: Horizontal tail | G2: Vertical tail | L2: Sizing reference
B4: Variable needed | C4: shorthand | D4: value | E4: Eq source | G4: Variable needed | H4: shorthand | I4: value | J4: Eq source
B5: Tail planform area | D5: =D8*D25*D24/D6 -> #DIV/0! | E5: Raymer 6.29 | G5: Tail planform area | I5: =AVERAGE(I8:I9)*D23*D24/I6 -> #DIV/0! | J5: Raymer 6.28
B6: Tail arm | G6: Tail arm
B7: Span | G7: Span/height
B8: Mean aerodynamic chord | G8: Root chord length
B9: Airfoil choice | G9: Tip chord length
B10: Aspect ratio | C10: ARt | G10: Airfoil choice
B11: Sweep angle (deg) | G11: Aspect ratio | H11: ARv
B12: Efficiency factor | G12: Sweep angle (deg)
G13: Efficiency factor
L16: Tail volume coefficient from Raymer, p. 160(pdf 190)
B17: Horizontal tail volumne coef | G17: Vertical tail volumne coef
B20: Main wing | G20: Pitch moment
B22: Variable needed | C22: shorthand | D22: value | G22: Variable needed | H22: shorthand | I22: value
B23: Mean chord
B24: Wing planform area
B25: Wing span
B26: Aspect ratio | G26: C_M_a_t
B27: Sweep angle (deg) | G27: C_M_Rro
G28: x_ac
B29: Weight | C29: W | G29: n_h
B30: zero aoa Coefficient of lift | G30: de_da
B33: C_L_a_t
B34: C_L_max
B35: C_L_rot
B36: c_d_0
B37: C_L_t_NU | L37: Notes regarding specific stabilizers from Raymer, p. 160(pdf 190)
B39: alpha stall

Sheet Blend
A1: W | B1: AR | C1: Swp | D1: c_bar | E1: b_w | F1: S_w | G1: l_t | H1: S_t | I1: AR_t | J1: e_t | K1: l_v | L1: S_v | M1: C_L_0 | N1: C_L_a | O1: C_L_d | P1: C_M_0 | Q1: C_M_a | R1: C_M_d | S1: a_s | T1: C_L_a_t | U1: C_M_a_t | V1: C_d_0 | W1: x_ac | X1: n_h | Y1: de_da | Z1: C_L_max | AA1: C_L_rot | AB1: C_L_t_NU | AC1: C_M_Rro
A2: ='Sizing - Blend'!D29 -> 0 | B2: ='Sizing - Blend'!D26 -> 0 | C2: ='Sizing - Blend'!D27 -> 0 | D2: ='Sizing - Blend'!D23 -> 0 | E2: ='Sizing - Blend'!D25 -> 0 | F2: ='Sizing - Blend'!D24 -> 0 | G2: ='Sizing - Blend'!D6 -> 0 | H2: ='Sizing - Blend'!D5 -> #DIV/0! | I2: ='Sizing - Blend'!D10 -> 0 | J2: ='Sizing - Blend'!D12 -> 0 | K2: ='Sizing - Blend'!I6 -> 0 | L2: ='Sizing - Blend'!I5 -> #DIV/0! | M2: ='Sizing - Blend'!D30 -> 0 | N2: ='Sizing - Blend'!D31 -> 0 | O2: ='Sizing - Blend'!D32 -> 0 | P2: ='Sizing - Blend'!I23 -> 0 | Q2: ='Sizing - Blend'!I24 -> 0 | R2: ='Sizing - Blend'!I25 -> 0 | S2: ='Sizing - Blend'!D39 -> 0 | T2: ='Sizing - Blend'!D33 -> 0 | U2: ='Sizing - Blend'!I26 -> 0 | V2: ='Sizing - Blend'!D36 -> 0 | W2: ='Sizing - Blend'!I28 -> 0 | X2: ='Sizing - Blend'!I29 -> 0 | Y2: ='Sizing - Blend'!I30 -> 0 | Z2: ='Sizing - Blend'!D34 -> 0 | AA2: ='Sizing - Blend'!D35 -> 0 | AB2: ='Sizing - Blend'!D37 -> 0 | AC2: ='Sizing - Blend'!I27 -> 0

Sheet Sizing -Grinch
B2: Horizontal tail | G2: Vertical tail | L2: Sizing reference
B4: Variable needed | C4: shorthand | D4: value | E4: Eq source | G4: Variable needed | H4: shorthand | I4: value | J4: Eq source
B5: Tail planform area | D5: =D8*D25*D24/D6 -> #DIV/0! | E5: Raymer 6.29 | G5: Tail planform area | I5: =AVERAGE(I8:I9)*D23*D24/I6 -> #DIV/0! | J5: Raymer 6.28
B6: Tail arm | G6: Tail arm
B7: Span | G7: Span/height
B8: Mean aerodynamic chord | G8: Root chord length
B9: Airfoil choice | G9: Tip chord length
B10: Aspect ratio | C10: ARt | G10: Airfoil choice
B11: Sweep angle (deg) | G11: Aspect ratio | H11: ARv
B12: Efficiency factor | G12: Sweep angle (deg)
G13: Efficiency factor
L16: Tail volume coefficient from Raymer, p. 160(pdf 190)
B17: Horizontal tail volumne coef | G17: Vertical tail volumne coef
B20: Main wing | G20: Pitch moment
B22: Variable needed | C22: shorthand | D22: value | G22: Variable needed | H22: shorthand | I22: value
B23: Mean chord
B24: Wing planform area
B25: Wing span
B26: Aspect ratio | G26: C_M_a_t
B27: Sweep angle (deg) | G27: C_M_Rro
G28: x_ac
B29: Weight | C29: W | G29: n_h
B30: zero aoa Coefficient of lift | G30: de_da
B33: C_L_a_t
B34: C_L_max
B35: C_L_rot
B36: c_d_0
B37: C_L_t_NU | L37: Notes regarding specific stabilizers from Raymer, p. 160(pdf 190)
B39: alpha stall

Sheet Grinch
A1: W | B1: AR | C1: Swp | D1: c_bar | E1: b_w | F1: S_w | G1: l_t | H1: S_t | I1: AR_t | J1: e_t | K1: l_v | L1: S_v | M1: C_L_0 | N1: C_L_a | O1: C_L_d | P1: C_M_0 | Q1: C_M_a | R1: C_M_d | S1: a_s | T1: C_L_a_t | U1: C_M_a_t | V1: C_d_0 | W1: x_ac | X1: n_h | Y1: de_da | Z1: C_L_max | AA1: C_L_rot | AB1: C_L_t_NU | AC1: C_M_Rro
A2: ='Sizing -Grinch'!D29 -> 0 | B2: ='Sizing -Grinch'!D26 -> 0 | C2: ='Sizing -Grinch'!D27 -> 0 | D2: ='Sizing -Grinch'!D23 -> 0 | E2: ='Sizing -Grinch'!D25 -> 0 | F2: ='Sizing -Grinch'!D24 -> 0 | G2: ='Sizing -Grinch'!D6 -> 0 | H2: ='Sizing -Grinch'!D5 -> #DIV/0! | I2: ='Sizing -Grinch'!D10 -> 0 | J2: ='Sizing -Grinch'!D12 -> 0 | K2: ='Sizing -Grinch'!I6 -> 0 | L2: ='Sizing -Grinch'!I5 -> #DIV/0! | M2: ='Sizing -Grinch'!D30 -> 0 | N2: ='Sizing -Grinch'!D31 -> 0 | O2: ='Sizing -Grinch'!D32 -> 0 | P2: ='Sizing -Grinch'!I23 -> 0 | Q2: ='Sizing -Grinch'!I24 -> 0 | R2: ='Sizing -Grinch'!I25 -> 0 | S2: ='Sizing -Grinch'!D39 -> 0 | T2: ='Sizing -Grinch'!D33 -> 0 | U2: ='Sizing -Grinch'!I26 -> 0 | V2: ='Sizing -Grinch'!D36 -> 0 | W2: ='Sizing -Grinch'!I28 -> 0 | X2: ='Sizing -Grinch'!I29 -> 0 | Y2: ='Sizing -Grinch'!I30 -> 0 | Z2: ='Sizing -Grinch'!D34 -> 0 | AA2: ='Sizing -Grinch'!D35 -> 0 | AB2: ='Sizing -Grinch'!D37 -> 0 | AC2: ='Sizing -Grinch'!I27 -> 0

Sheet Sizing - Sunfish
B2: Horizontal tail | G2: Vertical tail | L2: Sizing reference
B4: Variable needed | C4: shorthand | D4: value | E4: Eq source | G4: Variable needed | H4: shorthand | I4: value | J4: Eq source
B5: Tail planform area | D5: =D7*D8 -> 42.443296 | G5: Tail planform area | I5: =I7*I8 -> 42.443296
B6: Tail arm | D6: =$D$31 -> 15.3 | G6: Tail arm | I6: =$D$31 -> 15.3
B7: Span | D7: =$D$32*COS($D$37 * 3.14/180) -> 8.4886592 | G7: Span | I7: =$D$32*COS($D$37 * 3.14/180) -> 8.4886592
B8: Mean aerodynamic chord | D8: =$D$33 -> 5 | G8: Mean aerodynamic chord | I8: =$D$33 -> 5
B9: Airfoil choice | G9: Airfoil choice
B10: Aspect ratio | C10: ARt | D10: =D7^2/D5 -> 1.6977318 | G10: Aspect ratio | H10: ARt | I10: =I7^2/I5 -> 1.6977318
B11: Sweep angle (deg) | D11: 0 | G11: Sweep angle (deg) | I11: 0
B14: Horizontal tail volumne coef | D14: =(D5*D6)/(D21*D20) -> 0.014748717 | G14: Vertical tail volumne coef
L16: Tail volume coefficient from Raymer, p. 160(pdf 190)
B17: Main wing
B19: Variable needed | C19: shorthand | D19: value | G19: please let me know if you have successfully migrated all the values into
B20: Mean chord | D20: =D21/D22 -> 27.089283 | G20: sizing-sunfish_final so I can delete this spreadsheet :)
B21: Wing planform area | D21: 1625.357
B22: Wing span | D22: 60
B23: aspect ratio | D23: 2.215
B27: V tail
B29: Variable needed | C29: shorthand | D29: value
B30: Tail planform area | D30: 60
B31: Tail arm | D31: 15.3
B32: Span | D32: 12
B33: Mean aerodynamic chord | D33: 5
B34: Airfoil choice
B35: Aspect ratio | C35: ARt | D35: 2.4
B36: Sweep angle (deg) Leading Edge | D36: 0
B37: Sweep Angle (deg) dihedral | D37: 45 | L37: Notes regarding specific stabilizers from Raymer, p. 160(pdf 190)

Sheet Sizing - Sunfish_final
B2: Horizontal tail | G2: Vertical tail | L2: Sizing reference | R2: V tail (raw)
C3: please use metric units thanks | S3: please use metric units thanks
B4: Variable needed | C4: shorthand | D4: value | E4: Eq source | G4: Variable needed | H4: shorthand | I4: value | J4: Eq source | R4: Variable needed | S4: shorthand | T4: value | U4: Eq source
B5: Tail planform area | D5: =D7*(D8+D9)/2 -> 42.426407 | G5: Tail planform area | I5: =I7*(I8+I9)/2 -> 42.426407 | J5: Raymer 6.28 | R5: Tail planform area | T5: =T7*T8 -> 60
B6: Tail arm | D6: =$T$6 -> 15.3 | G6: Tail arm | I6: =$T$6 -> 15.3 | R6: Tail arm | T6: =15.3 -> 15.3
B7: Span/height | D7: =$T$7*COS($T$12) -> 8.4852814 | G7: Span/height | I7: =$T$7*COS($T$12) -> 8.4852814 | R7: Span | T7: =12 -> 12
B8: Root chord length | D8: =$T$8 -> 5 | G8: Root chord length | I8: =$T$8 -> 5 | R8: Mean aerodynamic chord | T8: 5
B9: Tip chord length | D9: =$T$8 -> 5 | G9: Tip chord length | I9: =$T$8 -> 5 | R9: Airfoil choice
B10: Airfoil choice | G10: Airfoil choice | R10: Aspect ratio | S10: ARt | T10: =T7^2/T5 -> 2.4
B11: Aspect ratio | C11: ARv | D11: =D7^2/D5 -> 1.6970563 | G11: Aspect ratio | H11: ARv | I11: =I7^2/I5 -> 1.6970563 | R11: Sweep angle (deg) | T11: 0
B12: Sweep angle (deg) | G12: Sweep angle (deg) | R12: Sweep Angle Dihedral (rad) | T12: =PI()/4 -> 0.78539816
B13: Efficiency factor | G13: Efficiency factor
L16: Tail volume coefficient from Raymer, p. 160(pdf 190)
B17: Horizontal tail volumne coef | D17: 0.047468 | G17: Vertical tail volumne coef
B20: Main wing | G20: Pitch moment
B22: Variable needed | C22: shorthand | D22: value | G22: Variable needed | H22: shorthand | I22: value
B23: Mean chord | D23: =D24/D25 -> 27.089283 | G23: Cm0
B24: Wing planform area | D24: 1625.357 | G24: Cma
B25: Wing span | D25: 60 | G25: Cmd
B26: Aspect ratio | D26: 2.215 | G26: C_M_a_t
B27: Sweep angle (deg) | D27: 33.8 | G27: C_M_Rro
G28: x_ac
B29: Weight | C29: W | G29: n_h
B30: zero aoa Coefficient of lift | G30: de_da
B31: Cla
B32: Cld
B33: C_L_a_t
B34: C_L_max
B35: C_L_rot
B36: c_d_0
B37: C_L_t_NU
L38: Notes regarding specific stabilizers from Raymer, p. 160(pdf 190)
B39: alpha stall

Sheet Sunfish
A1: W | B1: AR | C1: Swp | D1: c_bar | E1: b_w | F1: S_w | G1: l_t | H1: S_t | I1: AR_t | J1: e_t | K1: l_v | L1: S_v | M1: C_L_0 | N1: C_L_a | O1: C_L_d | P1: C_M_0 | Q1: C_M_a | R1: C_M_d | S1: a_s | T1: C_L_a_t | U1: C_M_a_t | V1: C_d_0 | W1: x_ac | X1: n_h | Y1: de_da | Z1: C_L_max | AA1: C_L_rot | AB1: C_L_t_NU | AC1: C_M_Rro | AD1: SM | AE1: S
A2: ='Sizing - Sunfish_final'!D29 -> 0 | B2: ='Sizing - Sunfish_final'!D26 -> 2.215 | C2: ='Sizing - Sunfish_final'!D27 -> 33.8 | D2: ='Sizing - Sunfish_final'!D23 -> 27.089283 | E2: ='Sizing - Sunfish_final'!D25 -> 60 | F2: ='Sizing - Sunfish_final'!D24 -> 1625.357 | G2: ='Sizing - Sunfish_final'!D6 -> 15.3 | H2: ='Sizing - Sunfish_final'!D5 -> 42.426407 | I2: ='Sizing - Sunfish_final'!D10 -> 0 | J2: ='Sizing - Sunfish_final'!D12 -> 0 | K2: ='Sizing - Sunfish_final'!I6 -> 15.3 | L2: ='Sizing - Sunfish_final'!I5 -> 42.426407 | M2: ='Sizing - Sunfish_final'!D30 -> 0 | N2: ='Sizing - Sunfish_final'!D31 -> 0 | O2: ='Sizing - Sunfish_final'!D32 -> 0 | P2: ='Sizing - Sunfish_final'!I23 -> 0 | Q2: ='Sizing - Sunfish_final'!I24 -> 0 | R2: ='Sizing - Sunfish_final'!I25 -> 0 | S2: ='Sizing - Sunfish_final'!D39 -> 0 | T2: ='Sizing - Sunfish_final'!D33 -> 0 | U2: ='Sizing - Sunfish_final'!I26 -> 0 | V2: ='Sizing - Sunfish_final'!D36 -> 0 | W2: ='Sizing - Sunfish_final'!I28 -> 0 | X2: ='Sizing - Sunfish_final'!I29 -> 0 | Y2: ='Sizing - Sunfish_final'!I30 -> 0 | Z2: ='Sizing - Sunfish_final'!D34 -> 0 | AA2: ='Sizing - Sunfish_final'!D35 -> 0 | AB2: ='Sizing - Sunfish_final'!D37 -> 0 | AC2: ='Sizing - Sunfish_final'!I27 -> 0 | AD2: 0 | AE2: 0

Sheet Airfoil
A1: C_L_0 | B1: C_L_a | C1: C_L_d | D1: C_M_0 | E1: C_M_a | F1: C_M_d | G1: a_s | H1: C_L_a_t | I1: C_M_a_t | J1: n_h | K1: de_da | L1: C_L_max | M1: C_L_rot | N1: C_L_t_NU | O1: C_M_Rro | P1: c_e | Q1: c_t
